{
    "$schema": "https://schema.management.azure.com/schemas/2015-01-01/deploymentParameters.json#",
    "contentVersion": "1.0.0.0",
    "parameters": {
        "factoryName": {
            "value": "wonkas-chocolate-factory"
        },
        "ChocolateADLS_servicePrincipalKey": {
            "value": ""
        },
        "AzureSQLDataMart_connectionString": {
            "value": ""
        },
        "ChocolateADLA_servicePrincipalKey": {
            "value": ""
        },
        "WonkasBlobStore_connectionString": {
            "value": ""
        },
        "LabADLS_properties_typeProperties_fileName": {
            "value": "green_tripdata_2017-03.csv"
        },
        "LabADLS_properties_typeProperties_folderPath": {
            "value": "LAB/Eric/Taxi"
        },
        "ChocolateADLS_properties_typeProperties_servicePrincipalId": {
            "value": "17cedf6c-1fd6-4276-aff2-50408cb5bd17"
        },
        "ChocolateADLS_properties_typeProperties_tenant": {
            "value": "4e51b22d-cabd-4db1-9779-a82dce50bb51"
        },
        "ChocolateADLS_properties_typeProperties_subscriptionId": {
            "value": "8a9bc6ba-c522-442b-9769-c4881058e10c"
        },
        "ChocolateADLS_properties_typeProperties_resourceGroupName": {
            "value": "erics-lab"
        },
        "ChocolateADLS_properties_typeProperties_fileName": {
            "value": "SummarizedTaxi_@{substring(dataset().sourceURL, 59, 4)}-@{substring(dataset().sourceURL, 64, 2)}.csv"
        },
        "ChocolateADLS_properties_typeProperties_folderPath": {
            "value": "CURATED/Taxi/@{substring(dataset().sourceURL, 59, 4)}/@{substring(dataset().sourceURL, 64, 2)}"
        },
        "ChocolateADLA_properties_typeProperties_servicePrincipalId": {
            "value": "17cedf6c-1fd6-4276-aff2-50408cb5bd17"
        },
        "ChocolateADLA_properties_typeProperties_tenant": {
            "value": "4e51b22d-cabd-4db1-9779-a82dce50bb51"
        },
        "ChocolateADLA_properties_typeProperties_subscriptionId": {
            "value": "8a9bc6ba-c522-442b-9769-c4881058e10c"
        },
        "ChocolateADLA_properties_typeProperties_resourceGroupName": {
            "value": "erics-lab"
        },
        "ADLSDemo2_properties_typeProperties_fileName": {
            "value": "testfile.csv"
        },
        "ADLSDemo2_properties_typeProperties_folderPath": {
            "value": "LAB/Eric"
        },
        "TaxiBlobStore_properties_typeProperties_fileName": {
            "value": "@replace(dataset().sourceURL, 'https://s3.amazonaws.com/nyc-tlc/trip+data/', '')"
        },
        "TaxiBlobStore_properties_typeProperties_folderPath": {
            "value": "nytaxi"
        },
        "ADLSDemo_properties_typeProperties_fileName": {
            "value": "green_tripdata_2017-03.csv"
        },
        "ADLSDemo_properties_typeProperties_folderPath": {
            "value": "LAB/Eric/Taxi"
        }
    }
}