{
    "$schema": "http://schema.management.azure.com/schemas/2015-01-01/deploymentTemplate.json#",
    "contentVersion": "1.0.0.0",
    "parameters": {
        "factoryName": {
            "type": "string",
            "metadata": "Data Factory Name",
            "defaultValue": "wonkas-chocolate-factory"
        },
        "ChocolateADLS_servicePrincipalKey": {
            "type": "secureString",
            "metadata": "Secure string for 'servicePrincipalKey' of 'ChocolateADLS'"
        },
        "AzureSQLDataMart_connectionString": {
            "type": "secureString",
            "metadata": "Secure string for 'connectionString' of 'AzureSQLDataMart'"
        },
        "ChocolateADLA_servicePrincipalKey": {
            "type": "secureString",
            "metadata": "Secure string for 'servicePrincipalKey' of 'ChocolateADLA'"
        },
        "WonkasBlobStore_connectionString": {
            "type": "secureString",
            "metadata": "Secure string for 'connectionString' of 'WonkasBlobStore'"
        },
        "LabADLS_properties_typeProperties_fileName": {
            "type": "string",
            "defaultValue": "green_tripdata_2017-03.csv"
        },
        "LabADLS_properties_typeProperties_folderPath": {
            "type": "string",
            "defaultValue": "LAB/Eric/Taxi"
        },
        "ChocolateADLS_properties_typeProperties_servicePrincipalId": {
            "type": "string",
            "defaultValue": "17cedf6c-1fd6-4276-aff2-50408cb5bd17"
        },
        "ChocolateADLS_properties_typeProperties_tenant": {
            "type": "string",
            "defaultValue": "4e51b22d-cabd-4db1-9779-a82dce50bb51"
        },
        "ChocolateADLS_properties_typeProperties_subscriptionId": {
            "type": "string",
            "defaultValue": "8a9bc6ba-c522-442b-9769-c4881058e10c"
        },
        "ChocolateADLS_properties_typeProperties_resourceGroupName": {
            "type": "string",
            "defaultValue": "erics-lab"
        },
        "ChocolateADLS_properties_typeProperties_fileName": {
            "type": "string",
            "defaultValue": "SummarizedTaxi_@{substring(dataset().sourceURL, 59, 4)}-@{substring(dataset().sourceURL, 64, 2)}.csv"
        },
        "ChocolateADLS_properties_typeProperties_folderPath": {
            "type": "string",
            "defaultValue": "CURATED/Taxi/@{substring(dataset().sourceURL, 59, 4)}/@{substring(dataset().sourceURL, 64, 2)}"
        },
        "ChocolateADLA_properties_typeProperties_servicePrincipalId": {
            "type": "string",
            "defaultValue": "17cedf6c-1fd6-4276-aff2-50408cb5bd17"
        },
        "ChocolateADLA_properties_typeProperties_tenant": {
            "type": "string",
            "defaultValue": "4e51b22d-cabd-4db1-9779-a82dce50bb51"
        },
        "ChocolateADLA_properties_typeProperties_subscriptionId": {
            "type": "string",
            "defaultValue": "8a9bc6ba-c522-442b-9769-c4881058e10c"
        },
        "ChocolateADLA_properties_typeProperties_resourceGroupName": {
            "type": "string",
            "defaultValue": "erics-lab"
        },
        "ADLSDemo2_properties_typeProperties_fileName": {
            "type": "string",
            "defaultValue": "testfile.csv"
        },
        "ADLSDemo2_properties_typeProperties_folderPath": {
            "type": "string",
            "defaultValue": "LAB/Eric"
        },
        "TaxiBlobStore_properties_typeProperties_fileName": {
            "type": "string",
            "defaultValue": "@replace(dataset().sourceURL, 'https://s3.amazonaws.com/nyc-tlc/trip+data/', '')"
        },
        "TaxiBlobStore_properties_typeProperties_folderPath": {
            "type": "string",
            "defaultValue": "nytaxi"
        },
        "ADLSDemo_properties_typeProperties_fileName": {
            "type": "string",
            "defaultValue": "green_tripdata_2017-03.csv"
        },
        "ADLSDemo_properties_typeProperties_folderPath": {
            "type": "string",
            "defaultValue": "LAB/Eric/Taxi"
        }
    },
    "variables": {
        "factoryId": "[concat('Microsoft.DataFactory/factories/', parameters('factoryName'))]",
        "leftBracket": "["
    },
    "resources": [
        {
            "name": "[concat(parameters('factoryName'), '/1_NyTaxi COPY')]",
            "type": "Microsoft.DataFactory/factories/pipelines",
            "apiVersion": "2017-09-01-preview",
            "properties": {
                "activities": [
                    {
                        "name": "Copy to ADLS",
                        "type": "Copy",
                        "dependsOn": [],
                        "policy": {
                            "timeout": "7.00:00:00",
                            "retry": 0,
                            "retryIntervalInSeconds": 30,
                            "secureOutput": false
                        },
                        "typeProperties": {
                            "source": {
                                "type": "HttpSource",
                                "httpRequestTimeout": "00:01:40"
                            },
                            "sink": {
                                "type": "AzureDataLakeStoreSink"
                            },
                            "enableStaging": false,
                            "cloudDataMovementUnits": 0
                        },
                        "inputs": [
                            {
                                "referenceName": "OneCSVFile",
                                "type": "DatasetReference",
                                "parameters": {}
                            }
                        ],
                        "outputs": [
                            {
                                "referenceName": "LabADLS",
                                "type": "DatasetReference",
                                "parameters": {}
                            }
                        ]
                    }
                ]
            },
            "dependsOn": [
                "[concat(variables('factoryId'), '/datasets/OneCSVFile')]",
                "[concat(variables('factoryId'), '/datasets/LabADLS')]"
            ]
        },
        {
            "name": "[concat(parameters('factoryName'), '/OneCSVFile')]",
            "type": "Microsoft.DataFactory/factories/datasets",
            "apiVersion": "2017-09-01-preview",
            "properties": {
                "linkedServiceName": {
                    "referenceName": "NyTaxiCsv",
                    "type": "LinkedServiceReference"
                },
                "type": "HttpFile",
                "typeProperties": {
                    "format": {
                        "type": "TextFormat",
                        "columnDelimiter": ",",
                        "rowDelimiter": "",
                        "nullValue": "\\N",
                        "treatEmptyAsNull": true,
                        "firstRowAsHeader": true
                    },
                    "relativeUrl": "green_tripdata_2017-03.csv",
                    "requestMethod": "Get"
                }
            },
            "dependsOn": [
                "[concat(variables('factoryId'), '/linkedServices/NyTaxiCsv')]"
            ]
        },
        {
            "name": "[concat(parameters('factoryName'), '/LabADLS')]",
            "type": "Microsoft.DataFactory/factories/datasets",
            "apiVersion": "2017-09-01-preview",
            "properties": {
                "linkedServiceName": {
                    "referenceName": "ChocolateADLS",
                    "type": "LinkedServiceReference"
                },
                "type": "AzureDataLakeStoreFile",
                "typeProperties": {
                    "format": {
                        "type": "TextFormat",
                        "columnDelimiter": ",",
                        "rowDelimiter": "",
                        "nullValue": "\\N",
                        "treatEmptyAsNull": true,
                        "firstRowAsHeader": true
                    },
                    "fileName": "[parameters('LabADLS_properties_typeProperties_fileName')]",
                    "folderPath": "[parameters('LabADLS_properties_typeProperties_folderPath')]"
                }
            },
            "dependsOn": [
                "[concat(variables('factoryId'), '/linkedServices/ChocolateADLS')]"
            ]
        },
        {
            "name": "[concat(parameters('factoryName'), '/NyTaxiCsv')]",
            "type": "Microsoft.DataFactory/factories/linkedServices",
            "apiVersion": "2017-09-01-preview",
            "properties": {
                "type": "HttpServer",
                "typeProperties": {
                    "url": "https://s3.amazonaws.com/nyc-tlc/trip+data/",
                    "enableServerCertificateValidation": true,
                    "authenticationType": "Anonymous"
                }
            },
            "dependsOn": []
        },
        {
            "name": "[concat(parameters('factoryName'), '/ChocolateADLS')]",
            "type": "Microsoft.DataFactory/factories/linkedServices",
            "apiVersion": "2017-09-01-preview",
            "properties": {
                "type": "AzureDataLakeStore",
                "typeProperties": {
                    "dataLakeStoreUri": "https://chocolateadls.azuredatalakestore.net/webhdfs/v1",
                    "servicePrincipalId": "[parameters('ChocolateADLS_properties_typeProperties_servicePrincipalId')]",
                    "servicePrincipalKey": {
                        "type": "SecureString",
                        "value": "[parameters('ChocolateADLS_servicePrincipalKey')]"
                    },
                    "tenant": "[parameters('ChocolateADLS_properties_typeProperties_tenant')]",
                    "subscriptionId": "[parameters('ChocolateADLS_properties_typeProperties_subscriptionId')]",
                    "resourceGroupName": "[parameters('ChocolateADLS_properties_typeProperties_resourceGroupName')]"
                }
            },
            "dependsOn": []
        },
        {
            "name": "[concat(parameters('factoryName'), '/2_NyTaxi LOOP')]",
            "type": "Microsoft.DataFactory/factories/pipelines",
            "apiVersion": "2017-09-01-preview",
            "properties": {
                "activities": [
                    {
                        "name": "Lookup_TaxiCsvs",
                        "type": "Lookup",
                        "dependsOn": [],
                        "policy": {
                            "timeout": "7.00:00:00",
                            "retry": 0,
                            "retryIntervalInSeconds": 30,
                            "secureOutput": false
                        },
                        "typeProperties": {
                            "source": {
                                "type": "SqlSource",
                                "sqlReaderQuery": "SELECT\tTOP 5 *\nFROM\tdbo.inputFileManifest\nWHERE\tsourceName = 'NY Taxi'\n\t\tAND category = 'Yellow'\nORDER BY fileDate DESC;"
                            },
                            "dataset": {
                                "referenceName": "InputFileManifest",
                                "type": "DatasetReference",
                                "parameters": {}
                            },
                            "firstRowOnly": false
                        }
                    },
                    {
                        "name": "ForEach_TaxiCsv",
                        "type": "ForEach",
                        "dependsOn": [
                            {
                                "activity": "Lookup_TaxiCsvs",
                                "dependencyConditions": [
                                    "Succeeded"
                                ]
                            }
                        ],
                        "typeProperties": {
                            "items": {
                                "value": "@activity('Lookup_TaxiCsvs').output.value",
                                "type": "Expression"
                            },
                            "activities": [
                                {
                                    "name": "Copy_TaxiCsvToBlob",
                                    "type": "Copy",
                                    "dependsOn": [],
                                    "policy": {
                                        "timeout": "7.00:00:00",
                                        "retry": 0,
                                        "retryIntervalInSeconds": 30,
                                        "secureOutput": false
                                    },
                                    "typeProperties": {
                                        "source": {
                                            "type": "HttpSource",
                                            "httpRequestTimeout": "00:01:40"
                                        },
                                        "sink": {
                                            "type": "AzureDataLakeStoreSink"
                                        },
                                        "enableStaging": false,
                                        "cloudDataMovementUnits": 0
                                    },
                                    "inputs": [
                                        {
                                            "referenceName": "TaxiCsv",
                                            "type": "DatasetReference",
                                            "parameters": {
                                                "sourceURL": {
                                                    "value": "@item().sourceURL",
                                                    "type": "Expression"
                                                }
                                            }
                                        }
                                    ],
                                    "outputs": [
                                        {
                                            "referenceName": "ChocolateADLS",
                                            "type": "DatasetReference",
                                            "parameters": {
                                                "sourceURL": "@item().sourceURL"
                                            }
                                        }
                                    ]
                                }
                            ]
                        }
                    }
                ]
            },
            "dependsOn": [
                "[concat(variables('factoryId'), '/datasets/InputFileManifest')]",
                "[concat(variables('factoryId'), '/datasets/TaxiCsv')]",
                "[concat(variables('factoryId'), '/datasets/ChocolateADLS')]"
            ]
        },
        {
            "name": "[concat(parameters('factoryName'), '/InputFileManifest')]",
            "type": "Microsoft.DataFactory/factories/datasets",
            "apiVersion": "2017-09-01-preview",
            "properties": {
                "linkedServiceName": {
                    "referenceName": "AzureSQLDataMart",
                    "type": "LinkedServiceReference"
                },
                "type": "AzureSqlTable",
                "typeProperties": {
                    "tableName": "[concat(variables('leftBracket'), 'dbo].[inputFileManifest]')]"
                }
            },
            "dependsOn": [
                "[concat(variables('factoryId'), '/linkedServices/AzureSQLDataMart')]"
            ]
        },
        {
            "name": "[concat(parameters('factoryName'), '/AzureSQLDataMart')]",
            "type": "Microsoft.DataFactory/factories/linkedServices",
            "apiVersion": "2017-09-01-preview",
            "properties": {
                "type": "AzureSqlDatabase",
                "typeProperties": {
                    "connectionString": {
                        "type": "SecureString",
                        "value": "[parameters('AzureSQLDataMart_connectionString')]"
                    }
                }
            },
            "dependsOn": []
        },
        {
            "name": "[concat(parameters('factoryName'), '/TaxiCsv')]",
            "type": "Microsoft.DataFactory/factories/datasets",
            "apiVersion": "2017-09-01-preview",
            "properties": {
                "linkedServiceName": {
                    "referenceName": "NyTaxiCsv",
                    "type": "LinkedServiceReference"
                },
                "parameters": {
                    "sourceURL": {
                        "type": "String"
                    }
                },
                "type": "HttpFile",
                "typeProperties": {
                    "format": {
                        "type": "TextFormat",
                        "columnDelimiter": ",",
                        "rowDelimiter": "",
                        "treatEmptyAsNull": true,
                        "firstRowAsHeader": true
                    },
                    "relativeUrl": {
                        "value": "@replace(dataset().sourceURL, 'https://s3.amazonaws.com/nyc-tlc/trip+data/', '')",
                        "type": "Expression"
                    },
                    "requestMethod": "Get"
                }
            },
            "dependsOn": [
                "[concat(variables('factoryId'), '/linkedServices/NyTaxiCsv')]"
            ]
        },
        {
            "name": "[concat(parameters('factoryName'), '/ChocolateADLS')]",
            "type": "Microsoft.DataFactory/factories/datasets",
            "apiVersion": "2017-09-01-preview",
            "properties": {
                "linkedServiceName": {
                    "referenceName": "ChocolateADLS",
                    "type": "LinkedServiceReference"
                },
                "parameters": {
                    "sourceURL": {
                        "type": "String"
                    }
                },
                "type": "AzureDataLakeStoreFile",
                "typeProperties": {
                    "format": {
                        "type": "TextFormat",
                        "columnDelimiter": ",",
                        "rowDelimiter": "",
                        "quoteChar": "\"",
                        "nullValue": "\\N",
                        "treatEmptyAsNull": true,
                        "firstRowAsHeader": true
                    },
                    "fileName": {
                        "value": "[parameters('ChocolateADLS_properties_typeProperties_fileName')]",
                        "type": "Expression"
                    },
                    "folderPath": {
                        "value": "[parameters('ChocolateADLS_properties_typeProperties_folderPath')]",
                        "type": "Expression"
                    }
                }
            },
            "dependsOn": [
                "[concat(variables('factoryId'), '/linkedServices/ChocolateADLS')]"
            ]
        },
        {
            "name": "[concat(parameters('factoryName'), '/3_NyTaxi INC to ADL')]",
            "type": "Microsoft.DataFactory/factories/pipelines",
            "apiVersion": "2017-09-01-preview",
            "properties": {
                "activities": [
                    {
                        "name": "Lookup_TaxiCsvs",
                        "type": "Lookup",
                        "dependsOn": [],
                        "policy": {
                            "timeout": "7.00:00:00",
                            "retry": 0,
                            "retryIntervalInSeconds": 30,
                            "secureOutput": false
                        },
                        "typeProperties": {
                            "source": {
                                "type": "SqlSource",
                                "sqlReaderStoredProcedureName": "[concat(variables('leftBracket'), 'dbo].[getDatasetWatermark]')]",
                                "storedProcedureParameters": {
                                    "datasetName": {
                                        "type": "String",
                                        "value": "NY Taxi"
                                    }
                                }
                            },
                            "dataset": {
                                "referenceName": "InputFileManifest",
                                "type": "DatasetReference",
                                "parameters": {}
                            },
                            "firstRowOnly": false
                        }
                    },
                    {
                        "name": "ForEach_TaxiCsv",
                        "type": "ForEach",
                        "dependsOn": [
                            {
                                "activity": "Lookup_TaxiCsvs",
                                "dependencyConditions": [
                                    "Succeeded"
                                ]
                            }
                        ],
                        "typeProperties": {
                            "items": {
                                "value": "@activity('Lookup_TaxiCsvs').output.value",
                                "type": "Expression"
                            },
                            "activities": [
                                {
                                    "name": "Copy_TaxiCsvToBlob",
                                    "type": "Copy",
                                    "dependsOn": [],
                                    "policy": {
                                        "timeout": "7.00:00:00",
                                        "retry": 0,
                                        "retryIntervalInSeconds": 30,
                                        "secureOutput": false
                                    },
                                    "typeProperties": {
                                        "source": {
                                            "type": "HttpSource",
                                            "httpRequestTimeout": "00:01:40"
                                        },
                                        "sink": {
                                            "type": "AzureDataLakeStoreSink"
                                        },
                                        "enableStaging": false,
                                        "cloudDataMovementUnits": 0
                                    },
                                    "inputs": [
                                        {
                                            "referenceName": "TaxiCsv",
                                            "type": "DatasetReference",
                                            "parameters": {
                                                "sourceURL": {
                                                    "value": "@item().sourceURL",
                                                    "type": "Expression"
                                                }
                                            }
                                        }
                                    ],
                                    "outputs": [
                                        {
                                            "referenceName": "ChocolateADLS",
                                            "type": "DatasetReference",
                                            "parameters": {
                                                "sourceURL": "@item().sourceURL"
                                            }
                                        }
                                    ]
                                },
                                {
                                    "name": "U-SQL_SummarizeTaxiTips",
                                    "type": "DataLakeAnalyticsU-SQL",
                                    "dependsOn": [
                                        {
                                            "activity": "Copy_TaxiCsvToBlob",
                                            "dependencyConditions": [
                                                "Succeeded"
                                            ]
                                        }
                                    ],
                                    "policy": {
                                        "timeout": "7.00:00:00",
                                        "retry": 0,
                                        "retryIntervalInSeconds": 30,
                                        "secureOutput": false
                                    },
                                    "typeProperties": {
                                        "scriptPath": "Scripts/SummarizeTaxiData.usql",
                                        "degreeOfParallelism": 1,
                                        "scriptLinkedService": {
                                            "referenceName": "ChocolateADLS",
                                            "type": "LinkedServiceReference"
                                        },
                                        "parameters": {
                                            "year": {
                                                "value": "@substring(item().sourceURL, 59, 4)",
                                                "type": "Expression"
                                            },
                                            "month": {
                                                "value": "@substring(item().sourceURL, 64, 2)",
                                                "type": "Expression"
                                            }
                                        }
                                    },
                                    "linkedServiceName": {
                                        "referenceName": "ChocolateADLA",
                                        "type": "LinkedServiceReference"
                                    }
                                },
                                {
                                    "name": "setDatasetWatermark",
                                    "type": "SqlServerStoredProcedure",
                                    "dependsOn": [
                                        {
                                            "activity": "U-SQL_SummarizeTaxiTips",
                                            "dependencyConditions": [
                                                "Succeeded"
                                            ]
                                        }
                                    ],
                                    "policy": {
                                        "timeout": "7.00:00:00",
                                        "retry": 0,
                                        "retryIntervalInSeconds": 30,
                                        "secureOutput": false
                                    },
                                    "typeProperties": {
                                        "storedProcedureName": "[concat(variables('leftBracket'), 'dbo].[setDatasetWatermark]')]",
                                        "storedProcedureParameters": {
                                            "datasetName": {
                                                "value": "NY Taxi",
                                                "type": "String"
                                            },
                                            "lastLoadValue": {
                                                "value": {
                                                    "value": "@{substring(item().sourceURL, 59, 4)}-@{substring(item().sourceURL, 64,2)}",
                                                    "type": "Expression"
                                                },
                                                "type": "String"
                                            }
                                        }
                                    },
                                    "linkedServiceName": {
                                        "referenceName": "AzureSQLDataMart",
                                        "type": "LinkedServiceReference"
                                    }
                                }
                            ]
                        }
                    }
                ]
            },
            "dependsOn": [
                "[concat(variables('factoryId'), '/datasets/InputFileManifest')]",
                "[concat(variables('factoryId'), '/datasets/TaxiCsv')]",
                "[concat(variables('factoryId'), '/datasets/ChocolateADLS')]",
                "[concat(variables('factoryId'), '/linkedServices/ChocolateADLS')]",
                "[concat(variables('factoryId'), '/linkedServices/ChocolateADLA')]",
                "[concat(variables('factoryId'), '/linkedServices/AzureSQLDataMart')]"
            ]
        },
        {
            "name": "[concat(parameters('factoryName'), '/ChocolateADLA')]",
            "type": "Microsoft.DataFactory/factories/linkedServices",
            "apiVersion": "2017-09-01-preview",
            "properties": {
                "type": "AzureDataLakeAnalytics",
                "typeProperties": {
                    "accountName": "chocolateadla",
                    "servicePrincipalId": "[parameters('ChocolateADLA_properties_typeProperties_servicePrincipalId')]",
                    "servicePrincipalKey": {
                        "type": "SecureString",
                        "value": "[parameters('ChocolateADLA_servicePrincipalKey')]"
                    },
                    "tenant": "[parameters('ChocolateADLA_properties_typeProperties_tenant')]",
                    "subscriptionId": "[parameters('ChocolateADLA_properties_typeProperties_subscriptionId')]",
                    "resourceGroupName": "[parameters('ChocolateADLA_properties_typeProperties_resourceGroupName')]"
                }
            },
            "dependsOn": []
        },
        {
            "name": "[concat(parameters('factoryName'), '/4_NyTaxi INC to SQL')]",
            "type": "Microsoft.DataFactory/factories/pipelines",
            "apiVersion": "2017-09-01-preview",
            "properties": {
                "activities": [
                    {
                        "name": "Lookup_TaxiCsvs",
                        "type": "Lookup",
                        "dependsOn": [],
                        "policy": {
                            "timeout": "7.00:00:00",
                            "retry": 0,
                            "retryIntervalInSeconds": 30,
                            "secureOutput": false
                        },
                        "typeProperties": {
                            "source": {
                                "type": "SqlSource",
                                "sqlReaderStoredProcedureName": "[concat(variables('leftBracket'), 'dbo].[getDatasetWatermark]')]",
                                "storedProcedureParameters": {
                                    "datasetName": {
                                        "type": "String",
                                        "value": "NY Taxi"
                                    }
                                }
                            },
                            "dataset": {
                                "referenceName": "InputFileManifest",
                                "type": "DatasetReference",
                                "parameters": {}
                            },
                            "firstRowOnly": false
                        }
                    },
                    {
                        "name": "ForEach_TaxiCsv",
                        "type": "ForEach",
                        "dependsOn": [
                            {
                                "activity": "Lookup_TaxiCsvs",
                                "dependencyConditions": [
                                    "Succeeded"
                                ]
                            }
                        ],
                        "typeProperties": {
                            "items": {
                                "value": "@activity('Lookup_TaxiCsvs').output.value",
                                "type": "Expression"
                            },
                            "activities": [
                                {
                                    "name": "Copy_TaxiCsvToBlob",
                                    "type": "Copy",
                                    "dependsOn": [],
                                    "policy": {
                                        "timeout": "7.00:00:00",
                                        "retry": 0,
                                        "retryIntervalInSeconds": 30,
                                        "secureOutput": false
                                    },
                                    "typeProperties": {
                                        "source": {
                                            "type": "HttpSource",
                                            "httpRequestTimeout": "00:01:40"
                                        },
                                        "sink": {
                                            "type": "AzureDataLakeStoreSink"
                                        },
                                        "enableStaging": false,
                                        "cloudDataMovementUnits": 0
                                    },
                                    "inputs": [
                                        {
                                            "referenceName": "TaxiCsv",
                                            "type": "DatasetReference",
                                            "parameters": {
                                                "sourceURL": {
                                                    "value": "@item().sourceURL",
                                                    "type": "Expression"
                                                }
                                            }
                                        }
                                    ],
                                    "outputs": [
                                        {
                                            "referenceName": "ChocolateADLS",
                                            "type": "DatasetReference",
                                            "parameters": {
                                                "sourceURL": "@item().sourceURL"
                                            }
                                        }
                                    ]
                                },
                                {
                                    "name": "U-SQL_SummarizeTaxiTips",
                                    "type": "DataLakeAnalyticsU-SQL",
                                    "dependsOn": [
                                        {
                                            "activity": "Copy_TaxiCsvToBlob",
                                            "dependencyConditions": [
                                                "Succeeded"
                                            ]
                                        }
                                    ],
                                    "policy": {
                                        "timeout": "7.00:00:00",
                                        "retry": 0,
                                        "retryIntervalInSeconds": 30,
                                        "secureOutput": false
                                    },
                                    "typeProperties": {
                                        "scriptPath": "Scripts/SummarizeTaxiData.usql",
                                        "degreeOfParallelism": 1,
                                        "scriptLinkedService": {
                                            "referenceName": "ChocolateADLS",
                                            "type": "LinkedServiceReference"
                                        },
                                        "parameters": {
                                            "year": {
                                                "value": "@substring(item().sourceURL, 59, 4)",
                                                "type": "Expression"
                                            },
                                            "month": {
                                                "value": "@substring(item().sourceURL, 64, 2)",
                                                "type": "Expression"
                                            }
                                        }
                                    },
                                    "linkedServiceName": {
                                        "referenceName": "ChocolateADLA",
                                        "type": "LinkedServiceReference"
                                    }
                                },
                                {
                                    "name": "setDatasetWatermark",
                                    "type": "SqlServerStoredProcedure",
                                    "dependsOn": [
                                        {
                                            "activity": "Copy_AdlsToSql",
                                            "dependencyConditions": [
                                                "Succeeded"
                                            ]
                                        }
                                    ],
                                    "policy": {
                                        "timeout": "7.00:00:00",
                                        "retry": 0,
                                        "retryIntervalInSeconds": 30,
                                        "secureOutput": false
                                    },
                                    "typeProperties": {
                                        "storedProcedureName": "[concat(variables('leftBracket'), 'dbo].[setDatasetWatermark]')]",
                                        "storedProcedureParameters": {
                                            "datasetName": {
                                                "value": "NY Taxi",
                                                "type": "String"
                                            },
                                            "lastLoadValue": {
                                                "value": {
                                                    "value": "@{substring(item().sourceURL, 59, 4)}-@{substring(item().sourceURL, 64,2)}",
                                                    "type": "Expression"
                                                },
                                                "type": "String"
                                            }
                                        }
                                    },
                                    "linkedServiceName": {
                                        "referenceName": "AzureSQLDataMart",
                                        "type": "LinkedServiceReference"
                                    }
                                },
                                {
                                    "name": "Copy_AdlsToSql",
                                    "type": "Copy",
                                    "dependsOn": [
                                        {
                                            "activity": "U-SQL_SummarizeTaxiTips",
                                            "dependencyConditions": [
                                                "Succeeded"
                                            ]
                                        }
                                    ],
                                    "policy": {
                                        "timeout": "7.00:00:00",
                                        "retry": 0,
                                        "retryIntervalInSeconds": 30,
                                        "secureOutput": false
                                    },
                                    "typeProperties": {
                                        "source": {
                                            "type": "AzureDataLakeStoreSource",
                                            "recursive": true
                                        },
                                        "sink": {
                                            "type": "SqlSink",
                                            "writeBatchSize": 10000
                                        },
                                        "enableStaging": false,
                                        "cloudDataMovementUnits": 0
                                    },
                                    "inputs": [
                                        {
                                            "referenceName": "ChocolateADLS",
                                            "type": "DatasetReference",
                                            "parameters": {
                                                "sourceURL": "@item().sourceURL"
                                            }
                                        }
                                    ],
                                    "outputs": [
                                        {
                                            "referenceName": "TaxiTips",
                                            "type": "DatasetReference",
                                            "parameters": {}
                                        }
                                    ]
                                }
                            ]
                        }
                    }
                ]
            },
            "dependsOn": [
                "[concat(variables('factoryId'), '/datasets/InputFileManifest')]",
                "[concat(variables('factoryId'), '/datasets/TaxiCsv')]",
                "[concat(variables('factoryId'), '/datasets/ChocolateADLS')]",
                "[concat(variables('factoryId'), '/linkedServices/ChocolateADLS')]",
                "[concat(variables('factoryId'), '/linkedServices/ChocolateADLA')]",
                "[concat(variables('factoryId'), '/linkedServices/AzureSQLDataMart')]",
                "[concat(variables('factoryId'), '/datasets/TaxiTips')]"
            ]
        },
        {
            "name": "[concat(parameters('factoryName'), '/TaxiTips')]",
            "type": "Microsoft.DataFactory/factories/datasets",
            "apiVersion": "2017-09-01-preview",
            "properties": {
                "linkedServiceName": {
                    "referenceName": "AzureSQLDataMart",
                    "type": "LinkedServiceReference"
                },
                "type": "AzureSqlTable",
                "structure": [
                    {
                        "name": "trip_pickup_date",
                        "type": "String"
                    },
                    {
                        "name": "trip_dropoff_date",
                        "type": "String"
                    },
                    {
                        "name": "PULocationID",
                        "type": "String"
                    },
                    {
                        "name": "DOLocationID",
                        "type": "String"
                    },
                    {
                        "name": "avg_tip_amount",
                        "type": "Decimal"
                    }
                ],
                "typeProperties": {
                    "tableName": "[concat(variables('leftBracket'), 'dbo].[tipSummary]')]"
                }
            },
            "dependsOn": [
                "[concat(variables('factoryId'), '/linkedServices/AzureSQLDataMart')]"
            ]
        },
        {
            "name": "[concat(parameters('factoryName'), '/pipeline1')]",
            "type": "Microsoft.DataFactory/factories/pipelines",
            "apiVersion": "2017-09-01-preview",
            "properties": {
                "activities": [
                    {
                        "name": "CopyTaxiData",
                        "type": "Copy",
                        "dependsOn": [],
                        "policy": {
                            "timeout": "7.00:00:00",
                            "retry": 0,
                            "retryIntervalInSeconds": 30,
                            "secureOutput": false
                        },
                        "typeProperties": {
                            "source": {
                                "type": "HttpSource",
                                "httpRequestTimeout": "00:01:40"
                            },
                            "sink": {
                                "type": "AzureDataLakeStoreSink"
                            },
                            "enableStaging": false,
                            "cloudDataMovementUnits": 0
                        },
                        "inputs": [
                            {
                                "referenceName": "TaxiCsvFile",
                                "type": "DatasetReference",
                                "parameters": {}
                            }
                        ],
                        "outputs": [
                            {
                                "referenceName": "ADLSDemo2",
                                "type": "DatasetReference",
                                "parameters": {}
                            }
                        ]
                    }
                ]
            },
            "dependsOn": [
                "[concat(variables('factoryId'), '/datasets/TaxiCsvFile')]",
                "[concat(variables('factoryId'), '/datasets/ADLSDemo2')]"
            ]
        },
        {
            "name": "[concat(parameters('factoryName'), '/TaxiCsvFile')]",
            "type": "Microsoft.DataFactory/factories/datasets",
            "apiVersion": "2017-09-01-preview",
            "properties": {
                "linkedServiceName": {
                    "referenceName": "TaxiCsvDemo",
                    "type": "LinkedServiceReference"
                },
                "type": "HttpFile",
                "typeProperties": {
                    "format": {
                        "type": "TextFormat",
                        "columnDelimiter": ",",
                        "rowDelimiter": "",
                        "nullValue": "\\N",
                        "treatEmptyAsNull": true,
                        "firstRowAsHeader": true
                    },
                    "relativeUrl": "green_tripdata_2017-03.csv",
                    "requestMethod": "Get"
                }
            },
            "dependsOn": [
                "[concat(variables('factoryId'), '/linkedServices/TaxiCsvDemo')]"
            ]
        },
        {
            "name": "[concat(parameters('factoryName'), '/ADLSDemo2')]",
            "type": "Microsoft.DataFactory/factories/datasets",
            "apiVersion": "2017-09-01-preview",
            "properties": {
                "linkedServiceName": {
                    "referenceName": "ChocolateADLS",
                    "type": "LinkedServiceReference"
                },
                "type": "AzureDataLakeStoreFile",
                "typeProperties": {
                    "format": {
                        "type": "TextFormat",
                        "columnDelimiter": ",",
                        "rowDelimiter": "",
                        "nullValue": "\\N",
                        "treatEmptyAsNull": true,
                        "firstRowAsHeader": true
                    },
                    "fileName": "[parameters('ADLSDemo2_properties_typeProperties_fileName')]",
                    "folderPath": "[parameters('ADLSDemo2_properties_typeProperties_folderPath')]"
                }
            },
            "dependsOn": [
                "[concat(variables('factoryId'), '/linkedServices/ChocolateADLS')]"
            ]
        },
        {
            "name": "[concat(parameters('factoryName'), '/TaxiCsvDemo')]",
            "type": "Microsoft.DataFactory/factories/linkedServices",
            "apiVersion": "2017-09-01-preview",
            "properties": {
                "type": "HttpServer",
                "typeProperties": {
                    "url": "https://s3.amazonaws.com/nyc-tlc/trip+data/",
                    "enableServerCertificateValidation": true,
                    "authenticationType": "Anonymous"
                }
            },
            "dependsOn": []
        },
        {
            "name": "[concat(parameters('factoryName'), '/TaxiBlobStore')]",
            "type": "Microsoft.DataFactory/factories/datasets",
            "apiVersion": "2017-09-01-preview",
            "properties": {
                "linkedServiceName": {
                    "referenceName": "WonkasBlobStore",
                    "type": "LinkedServiceReference"
                },
                "parameters": {
                    "sourceURL": {
                        "type": "String"
                    }
                },
                "type": "AzureBlob",
                "structure": [
                    {
                        "name": "Dispatching_base_num",
                        "type": "String"
                    },
                    {
                        "name": "Pickup_DateTime",
                        "type": "String"
                    },
                    {
                        "name": "DropOff_datetime",
                        "type": "String"
                    },
                    {
                        "name": "PUlocationID",
                        "type": "String"
                    },
                    {
                        "name": "DOlocationID",
                        "type": "String"
                    }
                ],
                "typeProperties": {
                    "format": {
                        "type": "TextFormat",
                        "columnDelimiter": ",",
                        "rowDelimiter": "",
                        "treatEmptyAsNull": true,
                        "firstRowAsHeader": true
                    },
                    "fileName": {
                        "value": "[parameters('TaxiBlobStore_properties_typeProperties_fileName')]",
                        "type": "Expression"
                    },
                    "folderPath": "[parameters('TaxiBlobStore_properties_typeProperties_folderPath')]"
                }
            },
            "dependsOn": [
                "[concat(variables('factoryId'), '/linkedServices/WonkasBlobStore')]"
            ]
        },
        {
            "name": "[concat(parameters('factoryName'), '/WonkasBlobStore')]",
            "type": "Microsoft.DataFactory/factories/linkedServices",
            "apiVersion": "2017-09-01-preview",
            "properties": {
                "type": "AzureStorage",
                "typeProperties": {
                    "connectionString": {
                        "type": "SecureString",
                        "value": "[parameters('WonkasBlobStore_connectionString')]"
                    }
                }
            },
            "dependsOn": []
        },
        {
            "name": "[concat(parameters('factoryName'), '/ADLSDemo')]",
            "type": "Microsoft.DataFactory/factories/datasets",
            "apiVersion": "2017-09-01-preview",
            "properties": {
                "linkedServiceName": {
                    "referenceName": "ChocolateADLS",
                    "type": "LinkedServiceReference"
                },
                "type": "AzureDataLakeStoreFile",
                "typeProperties": {
                    "format": {
                        "type": "TextFormat",
                        "columnDelimiter": ",",
                        "rowDelimiter": "",
                        "nullValue": "\\N",
                        "treatEmptyAsNull": true,
                        "firstRowAsHeader": true
                    },
                    "fileName": "[parameters('ADLSDemo_properties_typeProperties_fileName')]",
                    "folderPath": "[parameters('ADLSDemo_properties_typeProperties_folderPath')]"
                }
            },
            "dependsOn": [
                "[concat(variables('factoryId'), '/linkedServices/ChocolateADLS')]"
            ]
        },
        {
            "name": "[concat(parameters('factoryName'), '/TaxiCSVDemo')]",
            "type": "Microsoft.DataFactory/factories/datasets",
            "apiVersion": "2017-09-01-preview",
            "properties": {
                "linkedServiceName": {
                    "referenceName": "TaxiHTTPSite",
                    "type": "LinkedServiceReference"
                },
                "type": "HttpFile",
                "typeProperties": {
                    "format": {
                        "type": "TextFormat",
                        "columnDelimiter": ",",
                        "rowDelimiter": "",
                        "nullValue": "\\N",
                        "treatEmptyAsNull": true,
                        "firstRowAsHeader": true
                    },
                    "relativeUrl": "green_tripdata_2017-03.csv",
                    "requestMethod": "Get"
                }
            },
            "dependsOn": [
                "[concat(variables('factoryId'), '/linkedServices/TaxiHTTPSite')]"
            ]
        },
        {
            "name": "[concat(parameters('factoryName'), '/TaxiHTTPSite')]",
            "type": "Microsoft.DataFactory/factories/linkedServices",
            "apiVersion": "2017-09-01-preview",
            "properties": {
                "type": "HttpServer",
                "typeProperties": {
                    "url": "https://s3.amazonaws.com/nyc-tlc/trip+data/",
                    "enableServerCertificateValidation": true,
                    "authenticationType": "Anonymous"
                }
            },
            "dependsOn": []
        }
    ]
}